City,Country,Lat,Lng,Max Temp,Humidity,Cloudiness,Wind Speed,Current Description
Hermanus,ZA,-34.4187,19.2345,63.9,74,11,4.03,few clouds
Tiksi,RU,71.6872,128.8694,39.27,90,100,6.53,overcast clouds
Fort Nelson,CA,58.8053,-122.7002,60.39,63,40,3.44,scattered clouds
Bredasdorp,ZA,-34.5322,20.0403,65.52,59,38,5.97,scattered clouds
Guaymas,MX,27.9333,-110.9,78.89,73,1,0.0,clear sky
Brive-La-Gaillarde,FR,45.25,1.5,78.42,43,87,6.96,overcast clouds
Ribeira Grande,PT,38.5167,-28.7,64.8,52,40,12.66,scattered clouds
Muravlenko,RU,63.7898,74.523,54.28,43,100,16.17,overcast clouds
Portland,US,45.5234,-122.6762,71.55,67,20,1.99,few clouds
Pangai,TO,-19.8,-174.35,72.01,96,100,15.68,very heavy rain
Ulladulla,AU,-35.35,150.4667,55.87,64,100,4.23,overcast clouds
Constitucion,CL,-35.3333,-72.4167,58.28,98,100,5.53,overcast clouds
Nishihara,JP,26.1842,127.7558,76.28,94,90,14.7,light intensity drizzle
Provideniya,RU,64.3833,-173.3,33.01,68,1,11.86,clear sky
Kuytun,RU,54.3419,101.5036,50.56,77,97,7.76,overcast clouds
Laguna,US,38.421,-121.4238,81.95,57,1,3.0,clear sky
Yamada,JP,39.4667,141.95,55.85,92,100,6.62,overcast clouds
Rikitea,PF,-23.1203,-134.9692,71.73,58,61,21.25,broken clouds
Punta Arenas,CL,-53.15,-70.9167,30.31,93,75,1.34,broken clouds
Paamiut,GL,61.994,-49.6678,36.45,85,89,11.88,overcast clouds
Pecos,US,31.4229,-103.4932,68.05,68,1,0.0,clear sky
Kiunga,PG,-6.1219,141.2906,72.68,99,84,2.86,broken clouds
Geraldton,AU,-28.7667,114.6,55.81,94,0,8.59,clear sky
Muyezerskiy,RU,63.9333,31.65,60.22,45,97,8.99,overcast clouds
Grafton,US,42.207,-71.6856,71.74,65,100,1.99,overcast clouds
Ushuaia,AR,-54.8,-68.3,28.06,100,75,5.75,light snow
Urucui,BR,-7.2294,-44.5561,93.4,34,28,8.59,scattered clouds
Kamenka,RU,51.3223,42.7678,60.94,76,100,10.0,overcast clouds
Mahebourg,MU,-20.4081,57.7,70.09,94,75,6.91,moderate rain
Atuona,PF,-9.8,-139.0333,79.48,76,24,15.41,few clouds
Saint-Philippe,RE,-21.3585,55.7679,74.79,78,42,10.22,scattered clouds
Hithadhoo,MV,-0.6,73.0833,84.27,67,100,16.62,overcast clouds
Port Alfred,ZA,-33.5906,26.891,62.89,78,100,19.08,light rain
Virginia Beach,US,36.8529,-75.978,74.05,62,40,4.61,scattered clouds
Saldanha,ZA,-33.0117,17.9442,64.45,78,0,11.63,clear sky
Pingliang,CN,35.5392,106.6861,64.44,69,96,5.84,overcast clouds
Carnarvon,AU,-24.8667,113.6333,53.67,87,78,9.22,broken clouds
Taoudenni,ML,22.6783,-3.9836,114.35,6,48,3.62,scattered clouds
Nyuksenitsa,RU,60.4128,44.2397,55.36,64,100,5.57,overcast clouds
Pitsunda,GE,43.1592,40.3378,68.18,81,100,8.79,overcast clouds
Vaitape,PF,-16.5167,-151.75,79.25,74,71,15.08,broken clouds
Yellowknife,CA,62.456,-114.3525,54.28,71,75,4.61,broken clouds
Zhiryatino,RU,53.2228,33.7306,59.32,64,63,8.88,broken clouds
Torbay,CA,47.6666,-52.7314,70.57,82,90,27.63,light rain
Bonthe,SL,7.5264,-12.505,83.66,68,100,9.44,overcast clouds
Campeche,MX,19.0,-90.5,86.95,50,52,5.21,broken clouds
Busselton,AU,-33.65,115.3333,56.05,73,89,5.55,overcast clouds
Yulara,AU,-25.2406,130.9889,62.44,55,75,9.22,broken clouds
Bilibino,RU,68.0546,166.4372,50.63,56,10,1.03,clear sky
Jamestown,US,42.097,-79.2353,65.3,59,20,10.36,few clouds
Albany,US,42.6001,-73.9662,70.3,64,100,1.01,overcast clouds
Eldorado,BR,-23.7869,-54.2836,73.62,65,13,6.31,few clouds
Nikolskoye,RU,59.7035,30.7861,64.29,47,97,7.27,overcast clouds
Katsuura,JP,35.1333,140.3,69.12,83,41,8.57,scattered clouds
Hasaki,JP,35.7333,140.8333,61.29,78,37,7.58,scattered clouds
Raudeberg,NO,61.9875,5.1352,73.0,62,12,3.6,few clouds
Bluff,NZ,-46.6,168.3333,49.62,82,99,19.84,overcast clouds
San Quintin,MX,30.4833,-115.95,62.01,79,25,5.3,scattered clouds
Dukat,RU,62.55,155.55,33.04,79,34,4.34,scattered clouds
Oktyabrskiy,RU,54.4815,53.471,60.31,86,99,9.71,overcast clouds
Alice Springs,AU,-23.7,133.8833,63.95,25,76,3.96,broken clouds
Mataura,NZ,-46.1927,168.8643,39.43,92,100,3.29,overcast clouds
Sorong,ID,-0.8833,131.25,78.85,88,88,5.93,overcast clouds
Cap-Aux-Meules,CA,47.3821,-61.8597,48.25,100,90,19.57,overcast clouds
Hobart,AU,-42.8794,147.3294,55.06,65,90,3.0,overcast clouds
San Ramon De La Nueva Oran,AR,-23.1322,-64.326,70.43,42,0,2.75,clear sky
Sandpoint,US,48.2766,-116.5533,69.71,60,1,0.0,clear sky
Puerto Ayora,EC,-0.7393,-90.3518,76.96,90,91,8.01,overcast clouds
Rosignol,GY,6.2833,-57.5333,78.24,92,94,6.06,overcast clouds
Gat,IL,31.61,34.7642,83.39,46,0,15.17,clear sky
Sao Filipe,CV,14.8961,-24.4956,74.53,75,99,9.08,overcast clouds
Sandy Bay,AU,-42.913,147.3532,55.09,65,90,5.01,overcast clouds
Pati,ID,-6.7559,111.038,77.07,91,48,1.66,scattered clouds
Vaini,TO,-21.2,-175.2,69.96,100,90,4.61,moderate rain
Safita,SY,34.8205,36.1153,76.51,56,0,16.51,clear sky
Cherskiy,RU,68.75,161.3,54.66,43,9,3.0,clear sky
Linhares,BR,-19.3911,-40.0722,86.47,48,87,3.22,overcast clouds
Krasnovishersk,RU,60.4078,57.082,56.89,46,56,5.1,broken clouds
Khatanga,RU,71.9667,102.5,35.04,85,100,12.62,overcast clouds
Chuy,UY,-33.6971,-53.4616,63.59,54,87,13.11,overcast clouds
Sadu,RO,45.6667,24.1833,53.92,82,75,2.75,broken clouds
Berlevag,NO,70.8578,29.0864,49.8,81,75,16.11,broken clouds
Vuktyl,RU,63.8567,57.3094,47.75,32,52,12.12,broken clouds
Paro,BT,27.4305,89.4133,59.43,95,73,1.72,broken clouds
New Norfolk,AU,-42.7826,147.0587,54.72,70,74,3.18,broken clouds
Acapulco,MX,16.8634,-99.8901,85.73,66,100,2.95,overcast clouds
Inhambane,MZ,-23.865,35.3833,77.0,78,40,8.99,light rain
Necochea,AR,-38.5473,-58.7368,60.04,64,100,14.74,overcast clouds
Marathon,US,44.9,-89.7668,65.8,80,20,3.94,few clouds
Castro,BR,-24.7911,-50.0119,65.52,64,3,3.76,clear sky
Jalu,LY,29.0331,21.5482,93.38,17,0,14.76,clear sky
Hirara,JP,24.8,125.2833,79.92,88,86,14.56,overcast clouds
Kaitangata,NZ,-46.2817,169.8464,46.92,68,90,7.94,overcast clouds
Cabo San Lucas,MX,22.8909,-109.9124,84.4,55,81,3.53,broken clouds
Cape Town,ZA,-33.9258,18.4232,64.11,73,20,1.01,few clouds
Mar Del Plata,AR,-38.0023,-57.5575,64.09,58,0,3.0,clear sky
Kodiak,US,57.79,-152.4072,45.91,81,90,5.75,overcast clouds
Newcastleton,GB,55.1796,-2.8127,71.24,52,40,7.96,scattered clouds
Port Elizabeth,ZA,-33.918,25.5701,62.89,77,0,18.41,clear sky
Ust-Tsilma,RU,65.441,52.1498,44.6,45,100,11.05,overcast clouds
Fortuna,US,40.5982,-124.1573,53.94,89,56,3.87,broken clouds
Airai,TL,-8.9266,125.4092,59.99,94,93,2.39,overcast clouds
Tuktoyaktuk,CA,69.4541,-133.0374,30.2,93,90,9.22,overcast clouds
Souillac,MU,-20.5167,57.5167,70.18,94,75,11.03,light rain
Bojnurd,IR,37.4747,57.329,87.75,27,20,6.91,few clouds
Zeya,RU,53.75,127.2667,55.04,68,98,5.77,overcast clouds
Sharjah,AE,25.3573,55.4033,102.36,34,0,6.35,clear sky
Poronaysk,RU,49.2167,143.1167,38.89,92,3,5.1,clear sky
Etchoropo,MX,26.7667,-109.6667,81.54,49,0,8.34,clear sky
Baykit,RU,61.67,96.37,57.0,55,38,4.72,scattered clouds
Mattru,SL,7.6244,-11.8332,91.87,50,66,4.94,broken clouds
Touros,BR,-5.1989,-35.4608,85.1,56,2,14.88,clear sky
Tete,MZ,-16.1564,33.5867,87.89,43,40,8.01,scattered clouds
Sitka,US,57.0531,-135.33,49.89,87,90,4.61,overcast clouds
Dovolnoye,RU,54.4958,79.6671,67.46,71,100,8.43,overcast clouds
Grand Gaube,MU,-20.0064,57.6608,70.2,79,98,14.61,moderate rain
Clyde River,CA,70.4692,-68.5914,25.03,100,90,0.0,overcast clouds
Carlisle,US,40.2015,-77.1889,74.62,62,94,3.62,overcast clouds
Talnakh,RU,69.4865,88.3972,32.45,96,100,4.94,overcast clouds
Tocopilla,CL,-22.092,-70.1979,68.94,65,76,4.25,broken clouds
Yar-Sale,RU,66.8333,70.8333,42.66,86,100,20.29,light rain
Preobrazheniye,RU,42.9019,133.9064,52.14,98,100,4.14,overcast clouds
Garowe,SO,8.4054,48.4845,85.95,44,92,18.52,overcast clouds
Thompson,CA,55.7435,-97.8558,46.56,66,75,6.91,broken clouds
San Patricio,US,28.017,-97.5169,75.29,74,97,9.89,light rain
Kahului,US,20.8947,-156.47,79.84,79,1,0.0,clear sky
Billings,US,45.7833,-108.5007,67.51,54,71,5.01,broken clouds
Barrow,US,71.2906,-156.7887,28.42,86,90,17.27,overcast clouds
Leshukonskoye,RU,64.8989,45.7622,47.59,38,68,11.16,broken clouds
Port Lincoln,AU,-34.7333,135.8667,60.87,70,100,5.46,overcast clouds
Mount Gambier,AU,-37.8333,140.7667,49.91,66,94,6.91,overcast clouds
Avera,US,33.194,-82.5271,77.94,47,90,7.72,overcast clouds
Mitu,CO,1.1983,-70.1733,83.53,63,89,3.94,light rain
Atambua,ID,-9.1061,124.8925,73.11,89,67,3.42,broken clouds
Dikson,RU,73.5069,80.5464,32.16,98,100,10.38,overcast clouds
Polyarnyy,RU,69.1989,33.4478,54.07,81,100,13.24,overcast clouds
Msanga,TZ,-6.05,36.0333,76.32,42,52,10.36,broken clouds
Fuzhou,CN,26.0614,119.3061,75.09,97,94,1.63,light rain
Kapaa,US,22.0752,-159.319,73.38,77,54,6.02,broken clouds
Sao Miguel,BR,-5.4667,-35.3667,86.32,58,8,15.03,clear sky
Koungou,YT,-12.7336,45.2042,80.31,74,0,4.68,clear sky
Sibolga,ID,1.7427,98.7792,78.48,84,91,2.95,overcast clouds
College,US,64.8569,-147.8028,54.59,87,90,6.91,light rain
Asau,RO,46.4333,26.4,53.76,91,100,5.41,light rain
Haines Junction,CA,60.7522,-137.5108,49.95,66,96,5.75,overcast clouds
Ponta Do Sol,PT,32.6667,-17.1,71.13,60,60,3.11,broken clouds
Jacmel,HT,18.2342,-72.5347,83.84,65,99,5.12,overcast clouds
Butwal,NP,27.7006,83.4484,82.81,70,49,4.34,scattered clouds
Misratah,LY,32.3754,15.0925,76.71,57,56,15.41,broken clouds
Nanortalik,GL,60.1432,-45.2371,41.59,75,91,2.71,overcast clouds
Encheng,CN,22.1839,112.3026,81.16,91,100,1.7,light rain
Dunyapur,PK,29.7995,71.7196,101.68,22,0,7.43,clear sky
Acarau,BR,-2.8856,-40.12,86.16,62,9,10.02,clear sky
Tasiilaq,GL,65.6145,-37.6368,36.68,65,40,3.18,scattered clouds
Dzilam Gonzalez,MX,21.2833,-88.9333,86.32,57,75,5.14,broken clouds
Dessau,DE,51.8386,12.2456,77.18,60,100,8.05,overcast clouds
Valdivia,CL,-39.8142,-73.2459,57.29,93,100,3.87,overcast clouds
Rio Gallegos,AR,-51.6226,-69.2181,26.65,93,75,6.91,broken clouds
Pevek,RU,69.7008,170.3133,34.2,69,10,2.89,clear sky
Longyearbyen,SJ,78.2186,15.6401,37.24,87,75,11.5,broken clouds
Iqaluit,CA,63.7506,-68.5145,31.73,100,90,8.99,snow
Tarakan,ID,3.3,117.6333,80.91,81,100,6.62,light rain
Harper,LR,4.375,-7.7169,82.0,76,100,7.31,light rain
Aleksandrovka,UA,46.8383,32.7612,53.82,88,100,18.34,overcast clouds
Dromolaxia,CY,34.8761,33.586,85.24,53,20,20.71,few clouds
Kemise,ET,10.7167,39.8667,85.82,19,13,11.5,few clouds
Port Hardy,CA,50.6996,-127.4199,55.58,94,75,0.0,broken clouds
Trinidad,BO,-14.8333,-64.9,73.38,73,87,0.0,overcast clouds
Saint George,US,37.1041,-113.5841,85.35,19,1,4.61,clear sky
Hamilton,US,39.1834,-84.5333,71.19,68,90,3.89,overcast clouds
Upernavik,GL,72.7868,-56.1549,31.42,83,73,2.04,broken clouds
Ilulissat,GL,69.2167,-51.1,35.89,77,31,5.26,scattered clouds
Minot,US,48.2325,-101.2963,70.81,51,28,5.66,scattered clouds
Bolobo,CD,-2.1667,16.2333,89.73,41,97,2.28,overcast clouds
Lagoa,PT,39.05,-27.9833,59.25,58,59,15.19,broken clouds
Boa Vista,BR,2.8197,-60.6733,76.98,88,90,8.05,light rain
Verkhoyansk,RU,67.5447,133.385,53.44,66,11,4.16,few clouds
Moose Factory,CA,51.2585,-80.6094,62.6,77,1,5.75,clear sky
Leningradskiy,RU,69.3833,178.4167,26.87,91,62,12.84,broken clouds
Cam Ranh,VN,11.9214,109.1591,85.96,66,20,5.08,few clouds
Letlhakane,BW,-21.4167,25.5833,74.77,21,2,10.33,clear sky
Lasa,IT,46.6166,10.7002,76.08,48,32,0.51,scattered clouds
Manono,CD,-7.3,27.4167,89.2,33,26,2.08,scattered clouds
Beidao,CN,34.5686,105.8933,66.67,61,99,4.85,overcast clouds
Havoysund,NO,70.9963,24.6622,50.88,98,100,18.28,overcast clouds
Bahia Blanca,AR,-38.7196,-62.2724,64.35,53,100,16.73,moderate rain
Sao Joao Da Barra,BR,-21.6403,-41.0511,75.29,73,95,9.4,overcast clouds
Qaanaaq,GL,77.484,-69.3632,31.8,85,100,4.07,overcast clouds
Bathsheba,BB,13.2167,-59.5167,86.61,51,40,13.87,scattered clouds
Tura,IN,25.5198,90.2201,74.32,93,90,3.98,overcast clouds
Imbituba,BR,-28.24,-48.6703,66.09,61,0,3.13,clear sky
Bambous Virieux,MU,-20.3428,57.7575,70.05,94,75,10.16,moderate rain
Vanavara,RU,60.34,102.2797,55.4,55,10,4.72,clear sky
Esperance,AU,-33.8667,121.9,53.44,73,92,8.77,overcast clouds
Cidreira,BR,-30.1811,-50.2056,64.26,47,5,6.08,clear sky
Yumen,CN,40.2833,97.2,69.35,10,100,12.12,overcast clouds
Port-De-Bouc,FR,43.4,4.9833,80.76,44,0,15.19,clear sky
Whitstable,GB,51.3607,1.0257,76.48,69,1,12.12,clear sky
Niquelandia,BR,-14.4739,-48.4597,89.55,24,15,6.67,few clouds
Isangel,VU,-19.55,169.2667,70.83,65,48,9.64,scattered clouds
Turukhansk,RU,65.8167,87.9833,37.62,82,94,7.14,overcast clouds
Honningsvag,NO,70.9821,25.9704,46.15,81,75,19.57,broken clouds
Dingle,PH,10.9995,122.6711,77.27,92,100,7.07,moderate rain
Saint-Augustin,CA,51.226,-58.6502,45.0,97,100,3.29,overcast clouds
Maridi,SS,4.9158,29.4742,84.34,69,100,3.6,overcast clouds
Piotrkow Trybunalski,PL,51.4055,19.7032,64.92,69,95,4.0,overcast clouds
Baruun-Urt,MN,46.6806,113.2792,44.73,41,67,5.95,broken clouds
Baglung,NP,28.2719,83.5898,69.42,86,30,3.67,scattered clouds
Urumqi,CN,43.801,87.6005,81.55,18,0,5.95,clear sky
Ellisras,ZA,-23.6649,27.7443,69.49,44,92,11.5,overcast clouds
Baykalovo,RU,57.3981,63.7684,57.87,49,87,1.19,overcast clouds
Lazaro Cardenas,MX,17.9583,-102.2,84.56,66,86,0.58,overcast clouds
Sendhwa,IN,21.6833,75.1,88.63,44,29,13.44,scattered clouds
Dhrangadhra,IN,22.9833,71.4667,91.38,50,0,20.78,clear sky
Port Blair,IN,11.6667,92.75,83.79,76,17,4.79,few clouds
Wanaka,NZ,-44.7,169.15,42.84,75,85,5.23,overcast clouds
Ancud,CL,-41.8697,-73.8203,49.42,77,30,6.22,scattered clouds
Vostok,RU,46.4856,135.8833,49.62,94,100,3.51,light rain
San Vicente,AR,-26.6167,-54.1333,72.14,41,0,3.67,clear sky
Vao,NC,-22.6667,167.4833,68.77,61,100,13.11,overcast clouds
Tuatapere,NZ,-46.1333,167.6833,44.35,89,76,5.32,broken clouds
Snyder,US,32.7179,-100.9176,67.51,77,1,0.0,clear sky
Jaragua,BR,-15.7569,-49.3344,84.42,28,46,1.3,scattered clouds
Sechura,PE,-5.5569,-80.8222,71.82,70,100,11.18,overcast clouds
Klaksvik,FO,62.2266,-6.589,49.12,79,100,23.94,overcast clouds
Hilo,US,19.7297,-155.09,73.8,90,90,5.75,overcast clouds
Grand-Lahou,CI,5.1367,-5.0242,83.8,70,100,8.37,overcast clouds
Mangrol,IN,21.1167,70.1167,83.89,81,5,13.58,clear sky
Shingu,JP,33.7333,135.9833,66.9,94,56,5.19,broken clouds
Marsa Matruh,EG,31.3525,27.2453,80.8,50,0,11.5,clear sky
Dali,CN,25.7,100.1833,65.43,80,20,5.55,few clouds
Alberton,CA,46.8168,-64.0654,53.73,86,100,10.18,overcast clouds
Knysna,ZA,-34.0363,23.0471,61.18,71,9,7.92,clear sky
Bilgoraj,PL,50.5411,22.722,64.36,46,76,6.46,broken clouds
Dunedin,NZ,-45.8742,170.5036,50.81,58,92,1.01,overcast clouds
Celestun,MX,20.8667,-90.4,83.34,64,100,9.46,overcast clouds
Abay,KZ,49.6311,72.8539,80.98,62,56,14.97,broken clouds
Alegrete,BR,-29.7831,-55.7919,63.97,46,16,5.64,light rain
Butaritari,KI,3.0707,172.7902,82.26,82,69,16.89,light rain
Jaguarao,BR,-32.5661,-53.3758,63.14,56,60,11.83,broken clouds
Maniitsoq,GL,65.4167,-52.9,38.01,79,44,7.0,scattered clouds
Port Shepstone,ZA,-30.7414,30.455,63.73,57,100,13.94,overcast clouds
Jiangyou,CN,31.7667,104.7167,73.85,65,93,1.74,light rain
Bereda,ES,43.2686,-7.5406,73.15,54,10,7.78,clear sky
Glendive,US,47.1053,-104.7125,70.95,40,5,5.82,clear sky
Dhidhdhoo,MV,6.8833,73.1,83.23,73,20,18.19,few clouds
Lata,PT,40.1629,-8.3327,65.91,58,89,7.74,overcast clouds
Kijang,KR,35.2442,129.2139,69.53,64,100,0.78,overcast clouds
Georgetown,MY,5.4112,100.3354,83.95,86,20,3.44,few clouds
Minab,IR,27.1467,57.0801,99.9,32,0,4.0,clear sky
Wanning,CN,18.8003,110.3967,83.17,91,100,10.36,overcast clouds
Kulhudhuffushi,MV,6.6221,73.07,83.16,72,28,17.52,scattered clouds
High Level,CA,58.5169,-117.136,62.71,63,75,6.38,broken clouds
Chokurdakh,RU,70.6333,147.9167,54.1,50,8,8.25,clear sky
Suriapet,IN,17.15,79.6167,95.49,38,67,3.96,broken clouds
Agadir,MA,30.4202,-9.5982,79.25,50,6,10.2,clear sky
Alugan,PH,12.2188,125.4808,82.15,83,88,19.62,overcast clouds
Saskylakh,RU,71.9167,114.0833,35.8,82,100,1.9,overcast clouds
Oranjemund,NA,-28.55,16.4333,64.56,49,0,13.76,clear sky
Alyangula,AU,-13.8483,136.4192,78.67,73,90,9.4,overcast clouds
Ananas,HT,19.2466,-71.9557,77.07,62,100,2.08,overcast clouds
Gold Coast,AU,-28.0,153.4333,57.99,93,62,1.01,broken clouds
Namibe,AO,-15.1961,12.1522,79.43,78,20,17.27,few clouds
Cayenne,GF,4.9333,-52.3333,82.44,84,75,4.0,broken clouds
Lorengau,PG,-2.0226,147.2712,78.69,85,100,2.84,overcast clouds
Moron,AR,-34.6534,-58.6198,64.78,51,89,5.99,overcast clouds
Zhicheng,CN,30.2956,111.5047,81.77,77,95,4.38,light rain
Bethel,US,41.3712,-73.414,71.1,68,1,0.0,clear sky
Takoradi,GH,4.8845,-1.7554,82.42,72,99,9.86,overcast clouds
Avarua,CK,-21.2078,-159.775,66.25,94,40,2.3,scattered clouds
East London,ZA,-33.0153,27.9116,63.54,72,20,16.11,light rain
Arraial Do Cabo,BR,-22.9661,-42.0278,76.96,78,20,10.36,few clouds
Fushun,CN,41.8558,123.9233,65.91,86,93,7.31,overcast clouds
Gorom-Gorom,BF,14.4439,-0.2361,108.88,12,7,6.42,clear sky
Barabinsk,RU,55.3571,78.357,55.8,86,85,13.85,overcast clouds
Cockburn Town,TC,21.4612,-71.1419,82.36,74,40,11.5,scattered clouds
Bera,BD,24.0833,89.6167,84.4,80,83,11.95,broken clouds
Kholtoson,RU,50.2981,103.3097,40.01,68,100,4.65,overcast clouds
Meulaboh,ID,4.1363,96.1285,78.87,87,100,2.89,overcast clouds
Choctaw,US,35.4976,-97.2689,59.5,97,90,5.01,mist
Zhanaozen,KZ,43.3,52.8,89.89,22,0,1.57,clear sky
San Andres,CO,12.5847,-81.7006,86.02,70,40,13.8,scattered clouds
Beloha,MG,-25.1667,45.05,66.56,78,99,13.96,overcast clouds
Lebu,CL,-37.6167,-73.65,57.29,98,100,7.07,moderate rain
Beckley,US,37.7782,-81.1882,68.7,68,99,6.06,overcast clouds
At-Bashi,KG,41.1702,75.8106,58.59,60,98,3.31,overcast clouds
Stavern,NO,59.0,10.0333,76.32,60,100,6.17,overcast clouds
Bengkulu,ID,-3.8004,102.2655,77.09,90,91,5.37,overcast clouds
Keti Bandar,PK,24.1447,67.4497,84.65,84,0,20.15,clear sky
Brandon,US,27.9378,-82.2859,85.86,66,1,1.01,clear sky
Iralaya,HN,15.0,-83.2333,84.29,65,57,12.48,broken clouds
Vila Velha,BR,-20.3297,-40.2925,82.96,66,75,8.99,broken clouds
Te Anau,NZ,-45.4167,167.7167,44.85,89,100,4.5,overcast clouds
Naze,JP,28.3667,129.4833,71.35,77,54,17.0,broken clouds
Brzeg,PL,50.8608,17.4674,67.71,73,93,7.92,overcast clouds
Winnemucca,US,40.973,-117.7357,72.54,29,31,2.66,scattered clouds
Srednekolymsk,RU,67.45,153.6833,54.39,40,84,1.19,broken clouds
Tongren,CN,27.7172,109.1853,74.03,88,99,1.1,overcast clouds
Kjopsvik,NO,68.097,16.3742,67.87,48,0,2.39,clear sky
Salalah,OM,17.0151,54.0924,83.17,77,100,10.11,overcast clouds
Khor,RU,47.8861,134.9464,53.91,93,100,4.72,moderate rain
Walvis Bay,NA,-22.9575,14.5053,76.15,31,0,16.06,clear sky
Yining,CN,29.0361,114.5636,75.72,88,40,1.59,scattered clouds
Victoria,HK,22.2855,114.1577,81.95,93,100,8.99,moderate rain
Charlottesville,US,38.0293,-78.4767,76.6,71,100,5.01,overcast clouds
Poso,ID,-1.3959,120.7524,77.76,88,100,4.56,overcast clouds
Puerto Escondido,MX,15.85,-97.0667,85.62,65,100,1.19,overcast clouds
Manta,EC,-0.95,-80.7333,76.78,78,75,10.36,broken clouds
Vryburg,ZA,-26.9566,24.7284,57.33,24,0,12.19,clear sky
Vallenar,CL,-28.5708,-70.7581,82.18,10,14,2.84,few clouds
Coquimbo,CL,-29.9533,-71.3436,53.33,100,75,4.76,broken clouds
Riesa,DE,51.3,13.3,76.59,63,99,6.24,overcast clouds
Vanimo,PG,-2.6741,141.3028,75.61,91,100,5.95,overcast clouds
Pisco,PE,-13.7,-76.2167,66.02,77,90,9.22,overcast clouds
Manica,FR,49.0,-1.1667,80.01,42,100,5.99,overcast clouds
Bodden Town,KY,19.2833,-81.25,86.94,56,20,4.0,few clouds
Shar,KZ,49.5886,81.0453,71.62,54,71,14.0,light rain
Tessalit,ML,20.1986,1.0114,109.76,4,3,7.2,clear sky
Gomel,BY,52.4345,30.9754,62.58,29,0,9.1,clear sky
Chazuta,PE,-6.5742,-76.1367,77.85,66,89,0.22,overcast clouds
Ozernovskiy,RU,51.5,156.5167,39.87,91,100,4.07,overcast clouds
Kununurra,AU,-15.7667,128.7333,69.78,78,43,0.0,scattered clouds
Veinticinco De Mayo,AR,-35.4323,-60.1727,58.98,63,92,7.0,light rain
Athabasca,CA,54.7169,-113.2854,62.29,66,100,9.73,overcast clouds
Lumby,CA,50.2498,-118.969,71.56,75,100,1.74,overcast clouds
Koutsouras,GR,35.0339,25.9469,72.19,57,15,5.91,few clouds
Xingyi,CN,24.1877,102.817,65.55,87,48,4.45,scattered clouds
Sibu,MY,2.3,111.8167,79.11,89,40,0.74,scattered clouds
Caranavi,BO,-15.8167,-67.55,69.13,81,92,2.93,overcast clouds
Sept-Iles,CA,50.2001,-66.3821,52.25,81,75,4.0,fog
Keetmanshoop,NA,-26.5833,18.1333,59.92,36,0,5.75,clear sky
Adrar,MR,20.5022,-10.0711,103.64,16,59,5.23,broken clouds
Kidal,ML,18.4411,1.4078,108.27,4,54,4.25,broken clouds
Abu Samrah,SY,35.3029,37.1841,80.87,23,0,20.62,clear sky
San Juan,AR,-31.5375,-68.5364,67.24,27,80,3.49,moderate rain
Cunha,BR,-23.0744,-44.9597,67.42,63,29,1.92,scattered clouds
Cap Malheureux,MU,-19.9842,57.6142,70.29,80,98,14.7,moderate rain
Alta Floresta,BR,-9.8756,-56.0861,89.42,55,0,6.91,clear sky
Sakaiminato,JP,35.55,133.2333,66.18,88,75,2.3,broken clouds
Erdenet,MN,49.0333,104.0833,39.58,54,100,8.03,moderate rain
Tabou,CI,4.423,-7.3528,82.18,76,100,8.79,light rain
Makakilo City,US,21.3469,-158.0858,75.29,82,1,3.44,clear sky
Ouango,CF,4.3133,22.5552,87.01,54,100,4.92,overcast clouds
Watsa,CD,3.0372,29.5355,81.95,64,100,3.27,overcast clouds
Kavaratti,IN,10.5669,72.642,83.91,75,100,20.47,overcast clouds
Kruisfontein,ZA,-34.0033,24.7314,58.89,75,29,16.35,scattered clouds
Maiduguri,NG,11.8464,13.1603,103.75,18,38,6.38,scattered clouds
Vilyuysk,RU,63.7553,121.6247,54.01,54,100,0.56,overcast clouds
Buala,SB,-8.145,159.5921,80.4,86,97,7.34,light rain
Tyup,KG,42.7276,78.3648,58.5,58,28,2.01,scattered clouds
Margate,GB,51.3813,1.3862,74.1,74,0,13.4,clear sky
Maromitsa,RU,59.8683,48.0123,54.75,62,97,9.15,overcast clouds
Cooma,AU,-36.2333,149.1333,40.77,75,90,2.13,light rain
Calvinia,ZA,-31.4707,19.776,56.61,40,0,4.41,clear sky
Muroto,JP,33.2833,134.15,69.19,85,75,6.62,broken clouds
Tanout,NE,14.9709,8.8879,106.02,5,39,3.24,scattered clouds
Berdigestyakh,RU,62.0989,126.6992,45.16,93,24,3.27,few clouds
Manokwari,ID,-0.8667,134.0833,78.8,82,86,3.47,overcast clouds
El Sauzal,MX,31.9,-116.6833,59.41,87,45,2.13,scattered clouds
Jumla,NP,29.2747,82.1838,57.49,93,95,0.81,overcast clouds
Youghal,IE,51.95,-7.8506,67.68,77,9,10.07,clear sky
Narsaq,GL,60.9167,-46.05,48.33,45,28,3.6,scattered clouds
Caravelas,BR,-17.7125,-39.2481,82.42,57,5,6.24,clear sky
Kota Kinabalu,MY,5.9749,116.0724,78.78,89,20,5.75,few clouds
Polunochnoye,RU,60.8697,60.4153,56.44,40,79,6.98,broken clouds
Camopi,GF,3.1655,-52.3158,78.3,91,96,1.19,overcast clouds
Tres Picos,MX,15.8667,-93.5333,85.68,65,61,1.23,broken clouds
Hokitika,NZ,-42.7167,170.9667,49.71,74,98,1.68,overcast clouds
Aquiraz,BR,-3.9014,-38.3911,89.22,51,24,11.68,few clouds
Severo-Kurilsk,RU,50.6789,156.125,38.48,95,100,4.81,light rain
College Place,US,46.0493,-118.3883,80.56,51,37,1.03,scattered clouds
Jatiroto,ID,-7.8833,111.1167,74.21,94,30,1.39,scattered clouds
Kawalu,ID,-7.3817,108.2082,73.99,98,86,0.83,overcast clouds
Bhatkal,IN,13.9667,74.5667,81.54,84,89,6.06,light rain
Basco,PH,20.4487,121.9702,83.86,82,80,7.72,broken clouds
Plouzane,FR,48.3833,-4.6167,80.78,45,0,5.7,clear sky
Sitangkai,PH,4.6628,119.3928,83.32,73,99,3.29,overcast clouds
Swan Hill,AU,-35.3378,143.5544,50.07,67,14,6.82,few clouds
Lakatoro,VU,-16.0999,167.4164,74.35,79,100,13.0,overcast clouds
Saintes,FR,45.6667,-0.75,81.5,67,70,8.28,broken clouds
Santa Maria,BR,-29.6842,-53.8069,63.7,59,0,2.19,clear sky
Inuvik,CA,68.3499,-133.7218,29.41,75,90,10.36,overcast clouds
Anadyr,RU,64.75,177.4833,30.7,68,0,1.05,clear sky
Nabire,ID,-3.3667,135.4833,78.19,91,100,2.71,overcast clouds
Uvinza,TZ,-5.1036,30.3911,76.75,59,86,3.42,overcast clouds
Itarema,BR,-2.9248,-39.9167,87.12,59,6,11.56,clear sky
Kalmunai,LK,7.4167,81.8167,82.65,78,71,4.7,broken clouds
Nyurba,RU,63.2842,118.3319,52.2,87,88,4.27,overcast clouds
Aswan,EG,24.0934,32.907,112.14,8,1,16.87,clear sky
Tynda,RU,55.1667,124.7167,51.49,77,83,2.26,broken clouds
Sur,OM,22.5667,59.5289,94.64,39,0,6.85,clear sky
Chicxulub,MX,21.1333,-89.5167,84.06,55,77,6.96,broken clouds
Tagusao,PH,9.1924,117.8141,82.38,79,100,3.96,overcast clouds
Byron Bay,AU,-28.65,153.6167,56.88,86,59,3.8,broken clouds
Jacqueville,CI,5.2052,-4.4146,87.71,75,98,9.78,overcast clouds
Namtsy,RU,62.7161,129.6658,50.11,77,10,4.63,clear sky
Roald,NO,62.5833,6.1333,81.1,82,12,5.75,fog
Adet,ET,11.2644,37.4888,77.76,23,100,10.25,overcast clouds
Half Moon Bay,US,37.4636,-122.4286,68.99,85,90,11.5,fog
Khani,GE,41.9563,42.9566,62.17,76,60,4.14,light rain
Kushima,JP,31.4583,131.2333,66.51,92,34,4.99,scattered clouds
Kavieng,PG,-2.5744,150.7967,77.27,93,100,7.85,heavy intensity rain
Aldan,RU,58.6031,125.3894,47.77,92,100,6.22,light rain
Bambanglipuro,ID,-7.95,110.2833,60.6,88,62,4.34,broken clouds
Smidovich,RU,48.6,133.8167,54.37,93,100,10.74,light rain
Bull Savanna,JM,17.8868,-77.5902,81.97,60,2,6.96,clear sky
Dawei,MM,14.0833,98.2,80.44,87,3,0.98,clear sky
Moen,NO,69.1304,18.6123,68.72,34,0,8.05,clear sky
Husavik,IS,66.0449,-17.3389,46.31,87,100,3.29,moderate rain
Luwuk,ID,-0.9516,122.7875,77.67,86,98,3.91,overcast clouds
Kollam,IN,8.8833,76.6,82.27,85,70,8.79,broken clouds
Salta,AR,-24.7859,-65.4117,62.89,54,0,4.14,clear sky
Kalianget,ID,-7.05,113.9333,81.23,72,19,9.98,few clouds
Ahipara,NZ,-35.1667,173.1667,56.01,83,26,5.53,scattered clouds
Russell,US,32.3502,-85.1999,78.8,61,73,7.27,broken clouds
Cukai,MY,4.25,103.4167,82.35,87,48,6.06,scattered clouds
Saint-Joseph,RE,-21.3667,55.6167,73.78,76,39,11.68,scattered clouds
Maragogi,BR,-9.0122,-35.2225,82.02,64,52,9.26,broken clouds
Marienburg,PL,54.0359,19.0266,59.76,73,100,6.15,overcast clouds
San Cristobal,VE,7.7669,-72.225,71.78,95,100,3.91,overcast clouds
Hami,CN,42.8,93.45,83.23,10,40,8.88,scattered clouds
Soe,ID,-9.8607,124.284,65.7,96,53,4.52,broken clouds
Los Llanos De Aridane,ES,28.6585,-17.9182,69.55,81,20,3.65,few clouds
Tamboril,DO,19.4854,-70.611,82.69,89,40,6.91,scattered clouds
Waldoboro,US,44.0954,-69.3756,70.68,64,100,7.38,overcast clouds
Svarstad,NO,59.399,9.9698,78.71,39,100,6.73,overcast clouds
That Phanom,TH,16.9364,104.7104,89.73,51,99,5.35,overcast clouds
Ixtapa,MX,20.7,-105.2,83.23,63,100,3.29,overcast clouds
Hofn,IS,64.2539,-15.2082,44.04,89,100,16.89,moderate rain
Grindavik,IS,63.8424,-22.4338,49.95,66,75,18.7,broken clouds
Novosergiyevka,RU,52.0934,53.6528,74.28,64,99,11.25,moderate rain
Khopoli,IN,18.7833,73.3333,78.35,83,100,4.38,moderate rain
Estepa,ES,37.2926,-4.879,74.79,26,6,15.82,clear sky
Shahr-E Babak,IR,30.1165,55.1186,91.51,6,0,3.2,clear sky
Vrangel,RU,42.7297,133.0839,52.93,97,100,4.85,overcast clouds
Pangody,RU,65.85,74.4859,54.09,39,86,14.67,overcast clouds
Garoua,CM,9.3,13.4,90.0,45,0,5.75,light rain
Nusaybin,TR,37.0778,41.2178,92.79,14,0,18.41,clear sky
Swidnica,PL,50.8438,16.4886,66.6,44,85,6.42,overcast clouds
Ostrovnoy,RU,68.0531,39.5131,42.87,65,97,11.43,overcast clouds
Faanui,PF,-16.4833,-151.75,79.29,74,67,15.19,broken clouds
Komsomolskiy,UZ,40.4272,71.7189,92.12,16,43,0.0,scattered clouds
Olinda,BR,-8.0089,-34.8553,80.33,65,40,9.17,scattered clouds
Plettenberg Bay,ZA,-34.0527,23.3716,60.55,70,10,10.09,clear sky
Sao Jose Da Coroa Grande,BR,-8.8978,-35.1478,82.15,63,45,9.22,scattered clouds
Matay,EG,28.419,30.7792,98.58,14,0,15.55,clear sky
Shache,CN,38.4167,77.2406,77.77,25,100,9.13,overcast clouds
Auki,SB,-8.7676,160.7034,77.74,89,100,3.33,overcast clouds
Fort Walton Beach,US,30.4058,-86.6188,83.52,74,90,5.01,overcast clouds
Tchollire,CM,8.4022,14.1698,85.57,46,100,3.09,overcast clouds
Ciudad Bolivar,VE,8.1222,-63.5497,86.52,58,78,11.23,broken clouds
Mount Isa,AU,-20.7333,139.5,64.17,59,40,0.0,scattered clouds
Guarapari,BR,-20.6667,-40.4975,82.9,80,94,6.17,overcast clouds
Santiago,CL,-33.4569,-70.6483,65.17,55,90,4.61,overcast clouds
Merauke,ID,-8.4667,140.3333,76.19,87,100,14.58,overcast clouds
Boyolangu,ID,-8.1181,111.8935,74.23,90,21,1.36,few clouds
Odweyne,SO,9.4092,45.064,80.65,46,78,19.71,broken clouds
Lavrentiya,RU,65.5833,-171.0,29.35,77,8,12.28,clear sky
Aklavik,CA,68.2191,-135.0107,29.23,86,90,10.36,overcast clouds
Muros,ES,42.7762,-9.0603,64.9,81,97,10.27,overcast clouds
Korla,CN,41.7597,86.1469,79.66,26,98,15.55,overcast clouds
Alofi,NU,-19.0595,-169.9187,73.29,94,75,2.3,light rain
Chandbali,IN,20.7833,86.7667,85.91,80,2,8.05,clear sky
Sabha,LY,27.0377,14.4283,102.63,11,29,10.49,scattered clouds
Rengo,CL,-34.4167,-70.8667,57.52,65,100,2.89,overcast clouds
Qasigiannguit,GL,68.8193,-51.1922,36.64,73,33,7.25,scattered clouds
Ayagoz,KZ,47.9714,80.4392,67.05,61,100,10.18,overcast clouds
Oia,PT,40.5426,-8.5386,66.36,68,100,7.87,overcast clouds
Kyabe,TD,9.4515,18.9449,94.6,36,73,5.5,light rain
Xinzhou,CN,38.4092,112.7333,70.27,47,98,3.71,overcast clouds
Nan,TH,18.8333,100.6667,80.42,71,80,1.12,broken clouds
Evensk,RU,61.95,159.2333,45.28,69,100,6.91,overcast clouds
Bardiyah,LY,31.7561,25.0865,73.69,56,33,16.6,scattered clouds
Hovd,MN,48.0056,91.6419,55.78,24,0,2.73,clear sky
Pochutla,MX,15.7432,-96.4661,87.82,56,100,3.31,overcast clouds
Mahibadhoo,MV,3.7833,72.9667,84.06,67,93,16.8,overcast clouds
Issaquah,US,47.5301,-122.0326,69.84,73,18,1.99,few clouds
Angoram,PG,-4.0625,144.0661,73.09,100,100,0.56,overcast clouds
Amahai,ID,-3.3333,128.9167,78.66,86,67,4.27,broken clouds
Manggar,ID,-2.8833,108.2667,82.81,77,19,7.34,few clouds
Fereydun Kenar,IR,36.6864,52.5225,84.51,67,0,8.75,clear sky
Batticaloa,LK,7.7102,81.6924,83.84,75,64,5.1,broken clouds
Ferme-Neuve,CA,46.7001,-75.4493,62.38,54,100,7.58,overcast clouds
Pacific Grove,US,36.6177,-121.9166,58.95,93,90,1.01,mist
Saint-Leu,RE,-21.15,55.2833,74.26,92,8,11.9,clear sky
Harare,ZW,-17.8294,31.0539,51.66,53,48,6.38,scattered clouds
Westport,US,41.1415,-73.3579,73.18,69,100,1.99,overcast clouds
Salinopolis,BR,-0.6136,-47.3561,85.87,64,24,8.1,few clouds
Ixmiquilpan,MX,20.4833,-99.2333,68.68,65,98,2.8,overcast clouds
Sri Aman,MY,1.2376,111.4621,78.85,89,91,0.0,light rain
Vestmannaeyjar,IS,63.4427,-20.2734,47.39,76,40,13.8,scattered clouds
San-Pedro,CI,4.7485,-6.6363,83.52,70,91,9.55,overcast clouds
Jasper,US,37.2001,-94.3502,63.0,88,100,4.0,overcast clouds
Coihaique,CL,-45.5752,-72.0662,44.55,65,40,8.05,scattered clouds
Coahuayana,MX,18.7333,-103.6833,87.64,59,80,0.45,broken clouds
Srandakan,ID,-7.9386,110.2506,59.74,88,65,4.38,broken clouds
Sulur,IN,11.0333,77.1333,81.01,69,20,9.22,haze
Tevaitoa,PF,-16.7833,-151.5,78.71,75,88,15.43,overcast clouds
Raga,SS,8.4596,25.678,76.12,76,96,3.29,light rain
Mursalimkino,RU,55.0379,58.5585,60.48,84,100,2.28,overcast clouds
Revelstoke,CA,50.9832,-118.2023,57.22,72,90,0.0,overcast clouds
Boquim,BR,-11.1469,-37.6206,75.2,75,41,5.84,scattered clouds
Kirovskiy,RU,45.0917,133.5136,54.09,89,100,5.5,overcast clouds
Amnat Charoen,TH,15.9167,104.75,87.58,58,72,8.28,broken clouds
Kronshagen,DE,54.3433,10.0994,71.49,45,0,9.22,clear sky
Mastic Beach,US,40.7668,-72.8521,73.33,80,100,5.01,overcast clouds
Cabatuan,PH,10.8794,122.486,78.01,88,100,10.13,heavy intensity rain
Aviles,ES,43.5547,-5.9248,63.93,84,75,8.01,broken clouds
Fairbanks,US,64.8378,-147.7164,55.09,87,90,6.91,light rain
La Ronge,CA,55.1001,-105.2842,61.05,63,20,4.61,few clouds
Benghazi,LY,32.1167,20.0667,73.76,65,24,14.16,few clouds
Sinnamary,GF,5.3833,-52.95,76.26,91,100,1.43,overcast clouds
Toowoomba,AU,-27.55,151.9667,52.25,89,99,2.84,overcast clouds
Riberalta,BO,-10.9833,-66.1,73.6,83,75,2.53,broken clouds
Quatre Cocos,MU,-20.2078,57.7625,69.91,84,98,9.78,moderate rain
Businga,CD,3.3333,20.8833,82.54,57,98,0.92,overcast clouds
Harer,ET,9.3094,42.1258,66.51,72,92,11.41,overcast clouds
Ono,JP,34.85,134.9333,70.68,83,92,3.89,moderate rain
Catamarca,AR,-28.4696,-65.7852,86.58,31,0,2.57,clear sky
Hambantota,LK,6.1241,81.1185,84.54,84,20,18.23,few clouds
Mujiayingzi,CN,42.1167,118.7833,59.45,46,88,0.78,overcast clouds
Chaman,PK,30.9236,66.4512,87.71,6,0,7.16,clear sky
Lundazi,ZM,-12.2929,33.1782,71.26,61,97,7.96,overcast clouds
Jinchang,CN,38.4953,102.1739,66.47,13,89,2.08,overcast clouds
Urucuca,BR,-14.5931,-39.2844,83.21,51,61,4.61,broken clouds
Peace River,CA,56.2501,-117.286,65.66,70,90,5.01,overcast clouds
Atengo,MX,20.1667,-99.3333,66.87,63,62,3.69,broken clouds
Altay,CN,47.8667,88.1167,68.23,36,1,6.17,clear sky
Houma,US,29.5958,-90.7195,84.0,73,75,8.05,broken clouds
Labuhan,ID,-6.8844,112.2051,79.81,84,13,6.38,few clouds
Cheremukhovo,RU,60.3484,59.9851,56.28,42,53,6.76,broken clouds
San Felipe,VE,10.3399,-68.7425,82.02,75,100,1.05,overcast clouds
Zavet,BG,43.7667,26.6667,46.81,96,100,14.83,overcast clouds
Shenkursk,RU,62.1091,42.896,52.52,57,100,6.91,overcast clouds
Suzun,RU,53.7841,82.3116,66.63,58,12,5.39,few clouds
Rosarito,MX,32.3333,-117.0333,62.44,80,75,2.93,broken clouds
Havre-Saint-Pierre,CA,50.2334,-63.5986,46.99,100,75,14.97,broken clouds
Batie,BF,9.8833,-2.9167,98.35,33,93,3.33,overcast clouds
Gongzhuling,CN,43.5008,124.8198,60.69,30,100,3.65,overcast clouds
Bichura,RU,50.5881,107.6022,36.95,99,100,4.12,overcast clouds
Wad Rawah,SD,15.1603,33.1397,111.49,7,3,15.75,clear sky
Bailen,ES,38.0964,-3.7779,79.65,22,15,15.64,few clouds
Sovetskiy,RU,61.3614,63.5842,57.94,36,96,9.08,overcast clouds
Nynashamn,SE,58.9034,17.9479,63.09,75,7,16.8,clear sky
Beringovskiy,RU,63.05,179.3167,28.89,89,47,9.31,scattered clouds
Seoul,KR,37.5683,126.9778,67.48,82,75,1.77,broken clouds
Ulaangom,MN,49.9811,92.0667,52.57,35,0,1.01,clear sky
Anloga,GH,5.7947,0.8973,89.82,72,87,14.43,overcast clouds
Manaquiri,BR,-3.3167,-60.35,90.05,43,16,4.03,few clouds
Morondava,MG,-20.2833,44.2833,75.47,71,97,11.34,overcast clouds
Wilmington,US,34.2257,-77.9447,76.95,66,1,6.91,clear sky
Inta,RU,66.0317,60.1659,38.75,58,99,23.53,overcast clouds
Sunndalsora,NO,62.6754,8.5515,68.05,30,39,3.91,scattered clouds
Ermelo,ZA,-26.5333,29.9833,45.84,78,83,5.59,broken clouds
Flinders,AU,-34.5833,150.8552,55.26,75,99,1.01,overcast clouds
Tukan,RU,53.8409,57.4552,65.1,71,85,2.51,overcast clouds
San Jeronimo,PE,-11.9472,-75.2829,55.81,59,99,1.07,overcast clouds
Bure,ET,10.7,37.0667,80.17,21,35,7.23,scattered clouds
King City,US,36.2127,-121.126,74.57,38,11,0.43,few clouds
Conceicao Do Araguaia,BR,-8.2578,-49.2647,89.73,45,0,4.14,clear sky
Praia Da Vitoria,PT,38.7333,-27.0667,66.45,55,40,15.26,scattered clouds
Murdochville,CA,48.9583,-65.5006,41.88,52,66,9.08,broken clouds
Ankang,CN,32.68,109.0172,72.36,79,100,2.59,overcast clouds
Batemans Bay,AU,-35.7167,150.1833,49.91,63,100,4.21,overcast clouds
Kedgwick,CA,47.6446,-67.3434,62.37,56,100,7.61,overcast clouds
Chumikan,RU,54.7183,135.315,37.96,93,32,1.66,scattered clouds
Elbistan,TR,38.2059,37.1983,68.2,46,4,14.63,clear sky
Ginir,ET,7.1333,40.7,64.17,73,93,11.79,overcast clouds
Ewa Beach,US,21.3156,-158.0072,76.69,82,25,6.55,scattered clouds
Quthing,LS,-30.4,27.7003,45.09,64,100,4.88,overcast clouds
Rocha,UY,-34.4833,-54.3333,64.58,57,100,14.16,overcast clouds
San Policarpo,PH,12.1791,125.5072,82.47,82,90,20.09,overcast clouds
Aranos,NA,-24.1333,19.1167,61.09,22,0,10.83,clear sky
Nelson Bay,AU,-32.7167,152.15,55.69,96,98,6.44,overcast clouds
Rio Grande,BR,-32.035,-52.0986,69.94,56,52,9.6,broken clouds
Porbandar,IN,21.6422,69.6093,91.38,62,40,13.8,scattered clouds
Gannan,CN,47.9147,123.5031,53.1,64,11,4.34,few clouds
Vardo,NO,70.3705,31.1107,53.8,87,98,18.77,overcast clouds
Krasnoturinsk,RU,59.7666,60.2086,56.25,41,20,6.89,few clouds
Sola,VU,-13.8833,167.55,79.75,77,69,23.8,broken clouds
Luderitz,NA,-26.6481,15.1594,71.13,36,0,18.52,clear sky
Bud,US,39.447,-86.1758,69.22,67,100,1.61,overcast clouds
Neiafu,TO,-18.65,-173.9833,70.48,94,90,5.75,moderate rain
Palauig,PH,15.435,119.9045,82.83,82,99,7.94,light rain
Massaguet,TD,12.4755,15.4365,96.84,18,66,7.14,broken clouds
Havelock,US,34.8791,-76.9013,78.06,61,90,7.0,overcast clouds
Liverpool,GB,53.4106,-2.9779,78.75,39,0,10.04,clear sky
Martapura,ID,-3.4167,114.85,78.89,89,13,2.1,few clouds
Ishinomaki,JP,38.4167,141.3,59.92,88,70,5.57,broken clouds
Yarada,IN,17.65,83.2667,88.12,84,40,12.15,mist
Villarrobledo,ES,39.2699,-2.6012,77.77,25,9,19.55,clear sky
Maputo,MZ,-25.9653,32.5892,73.08,79,75,1.99,moderate rain
Arona,ES,28.0996,-16.681,67.91,58,20,7.0,few clouds
Henties Bay,NA,-22.116,14.2845,61.86,64,1,6.49,clear sky
Candolim,IN,15.5181,73.7626,84.2,94,75,7.16,broken clouds
Winslow,US,35.0242,-110.6974,68.97,29,1,1.99,clear sky
Zabaykalsk,RU,49.6333,117.3167,46.13,44,48,4.7,scattered clouds
Nouadhibou,MR,20.931,-17.0347,71.58,73,0,23.02,clear sky
Gondanglegi,ID,-7.7479,112.0132,74.62,87,24,6.38,few clouds
Mirnyy,RU,62.5353,113.9611,57.02,62,100,3.0,overcast clouds
Norman Wells,CA,65.282,-126.8329,46.44,81,75,13.8,light rain
Nurota,UZ,40.5614,65.6886,96.89,12,1,10.09,clear sky
Makarska,HR,43.2969,17.0178,78.94,57,43,8.37,scattered clouds
Pangnirtung,CA,66.1451,-65.7125,39.2,60,90,14.97,overcast clouds
Praia Grande,BR,-24.0058,-46.4028,79.23,68,40,6.51,scattered clouds
Tieli,CN,46.95,128.05,48.87,88,46,3.85,scattered clouds
Mackay,AU,-21.15,149.2,66.69,94,75,8.05,broken clouds
Morrope,PE,-6.5417,-80.0111,66.81,73,81,11.39,broken clouds
Mabaruma,GY,8.2,-59.7833,79.57,91,58,6.15,broken clouds
Isla Vista,US,34.4133,-119.861,59.43,94,90,0.0,mist
Shetpe,KZ,44.1667,52.1167,87.39,25,0,6.51,clear sky
Ypsonas,CY,34.6884,32.9574,81.36,52,0,17.47,clear sky
Roseburg,US,43.2165,-123.3417,66.38,64,11,0.76,few clouds
Aktau,KZ,43.65,51.2,82.98,52,7,7.99,clear sky
Gaoual,GN,11.75,-13.2,95.61,40,96,4.99,overcast clouds
Korem,ET,12.5058,39.5228,71.44,26,7,11.68,clear sky
Corn Island,NI,12.1694,-83.0418,82.02,75,67,17.29,broken clouds
Santa Cruz,BO,-17.8,-63.1667,74.66,64,75,4.61,broken clouds
Road Town,VG,18.4167,-64.6167,85.19,70,40,10.36,scattered clouds
Kingston,JM,17.997,-76.7936,86.16,60,20,1.01,few clouds
Markala,ML,13.7021,-6.0659,105.87,16,11,7.83,few clouds
Cambre,ES,43.2944,-8.3474,68.02,67,75,13.8,broken clouds
Mehamn,NO,71.0357,27.8492,46.58,98,100,20.45,overcast clouds
Ugoofaaru,MV,5.6667,73.0,83.35,70,89,17.05,overcast clouds
Sumkino,RU,58.1108,68.3244,56.84,47,47,3.94,scattered clouds
Tokmak,UA,47.2514,35.7058,68.27,77,88,10.42,overcast clouds
Obigarm,TJ,38.7173,69.7088,63.27,74,85,8.68,overcast clouds
Huilong,CN,31.8111,121.655,74.03,86,100,23.26,light rain
Malkerns,SZ,-26.5667,31.1833,57.06,89,72,4.34,light rain
Hay River,CA,60.8156,-115.7999,60.78,63,75,3.44,broken clouds
Opuwo,NA,-18.0607,13.84,82.4,11,63,4.61,broken clouds
Belyy Yar,RU,53.6039,91.3903,57.09,47,0,5.19,clear sky
Trelew,AR,-43.249,-65.3051,52.36,50,13,20.29,few clouds
Nikel,RU,69.4128,30.222,55.58,69,99,11.9,overcast clouds
Bubaque,GW,11.2833,-15.8333,79.0,79,100,8.1,overcast clouds
Caruray,PH,10.3094,119.0128,80.67,85,98,5.3,overcast clouds
Sibiti,CG,-3.6819,13.3499,77.88,72,100,3.29,overcast clouds
Rabo De Peixe,PT,37.8,-25.5833,63.91,55,40,16.82,scattered clouds
Diffa,NE,13.3154,12.6113,106.3,11,42,3.22,scattered clouds
Enid,US,36.3956,-97.8784,64.15,94,90,12.66,mist
San,ML,13.3034,-4.8956,104.41,20,98,8.01,overcast clouds
Southbridge,US,42.0751,-72.0334,69.82,65,100,6.98,overcast clouds
Trofors,NO,65.5333,13.4063,73.27,33,19,5.03,few clouds
Selfoss,IS,63.9331,-20.9971,53.04,70,97,15.75,overcast clouds
Schmallenberg,DE,51.15,8.3,73.45,40,38,7.87,scattered clouds
Tyrma,RU,50.0833,132.1667,52.39,95,100,3.13,moderate rain
Gambela,ET,8.25,34.5833,73.89,91,94,3.33,light rain
Xichang,CN,27.8964,102.2634,65.53,86,99,2.57,overcast clouds
Maloy,NO,61.9353,5.1136,79.0,61,12,3.09,few clouds
Paramonga,PE,-10.6667,-77.8333,67.19,81,100,8.88,overcast clouds
Camacha,PT,33.0833,-16.3333,66.96,82,75,14.97,broken clouds
Omboue,GA,-1.5746,9.2618,79.56,74,100,7.92,overcast clouds
Yagodnoye,RU,62.55,149.6667,37.89,75,51,3.44,broken clouds
Northam,GB,51.0333,-4.2167,73.02,70,100,12.75,overcast clouds
Bastia,FR,42.6667,9.3333,75.02,51,0,3.27,clear sky
Puerto Leguizamo,CO,-0.1934,-74.7819,82.87,67,62,1.74,broken clouds
Poyarkovo,RU,49.6,128.6833,52.48,93,87,8.84,overcast clouds
Kursk,RU,51.7303,36.1939,54.75,58,75,15.66,light rain
Biltine,TD,14.5333,20.9167,98.15,19,97,14.45,overcast clouds
Kpandae,GH,8.4689,-0.0113,89.71,49,99,7.11,overcast clouds
Egvekinot,RU,66.3167,-179.1667,24.24,81,95,6.58,overcast clouds
Atar,MR,20.5169,-13.0499,105.93,15,40,7.94,scattered clouds
Yarensk,RU,62.1675,49.0916,50.83,45,69,6.91,broken clouds
Kristinehamn,SE,59.3098,14.1081,70.36,44,66,11.56,broken clouds
Ginda,IN,30.6945,78.4932,59.58,82,51,4.05,broken clouds
Miandrivazo,MG,-19.5167,45.4667,82.74,40,100,5.06,overcast clouds
Oktyabrskoye,RU,43.0645,44.7417,78.94,47,75,4.83,broken clouds
Paratinga,BR,-12.6906,-43.1842,93.81,27,19,1.79,few clouds
Santa Rosa,PH,14.3122,121.1114,87.78,79,89,4.94,overcast clouds
Maceio,BR,-9.6658,-35.7353,85.44,61,40,7.45,scattered clouds
Bobo Dioulasso,BF,11.1771,-4.2979,90.05,62,0,4.61,clear sky
La Palma,US,33.8464,-118.0467,74.97,84,22,1.99,few clouds
Christchurch,NZ,-43.5333,172.6333,42.48,95,28,5.75,fog
Mozarlandia,BR,-14.7447,-50.5706,93.92,22,70,4.79,broken clouds
Hammerfest,NO,70.6634,23.6821,50.45,76,75,6.91,broken clouds
Copperas Cove,US,31.1241,-97.9031,69.51,92,40,12.66,scattered clouds
Boma,GH,7.0805,-2.1697,93.42,41,56,4.41,broken clouds
Faya,SA,18.3851,42.4509,86.52,11,1,19.39,clear sky
Wilmington Island,US,32.0036,-80.9737,77.99,61,90,1.01,overcast clouds
Olafsvik,IS,64.8945,-23.7142,45.97,75,80,16.69,broken clouds
Bukachacha,RU,52.9833,116.9167,48.31,97,100,4.59,light rain
Ambovombe,MG,-25.1667,46.0833,67.95,79,100,18.95,overcast clouds
Basseterre,KN,17.2948,-62.7261,84.31,69,40,16.11,scattered clouds
Prince Rupert,CA,54.3161,-130.3201,55.49,97,90,4.61,moderate rain
Xuddur,SO,4.1213,43.8894,80.98,52,100,17.45,overcast clouds
Charlottetown,CA,46.2352,-63.1267,56.19,69,75,8.99,broken clouds
Nuuk,GL,64.1835,-51.7216,40.87,75,68,8.99,broken clouds
Ust-Koksa,RU,50.2696,85.6108,61.39,54,8,2.91,clear sky
Kohtla-Jarve,EE,59.3986,27.2731,55.53,66,94,10.98,overcast clouds
Brownsville,US,25.9018,-97.4975,80.91,62,24,12.46,few clouds
Nemuro,JP,43.3236,145.575,43.16,81,71,6.69,broken clouds
Bani Walid,LY,31.7566,13.9942,94.15,17,100,14.38,overcast clouds
Enkhuizen,NL,52.7,5.2833,79.11,65,34,12.01,scattered clouds
Sao Felix Do Xingu,BR,-6.6447,-51.995,89.35,39,3,4.29,clear sky
Kesinga,IN,20.2,83.2333,86.05,59,96,6.4,overcast clouds
Lolodorf,CM,3.2333,10.7333,73.18,96,100,1.41,overcast clouds
Berezovyy,RU,51.6667,135.7,52.56,82,74,3.15,broken clouds
Mareeba,AU,-17.0,145.4333,63.32,95,91,1.72,overcast clouds
Konibodom,TJ,40.2843,70.4426,91.17,20,30,4.99,scattered clouds
Poya,NC,-21.35,165.15,65.93,74,47,5.23,scattered clouds
Los Andes,CL,-32.8337,-70.5983,61.9,36,100,0.51,overcast clouds
Bikaner,IN,28.0167,73.3,101.86,20,0,7.7,clear sky
Bosaso,SO,11.2842,49.1816,89.58,74,40,12.66,scattered clouds
Laurinburg,US,34.7741,-79.4628,77.85,48,76,4.36,broken clouds
Bouloupari,NC,-21.8667,166.05,68.95,70,60,4.54,broken clouds
Lakes Entrance,AU,-37.8811,147.981,44.58,59,100,4.47,overcast clouds
Padang,ID,-0.9492,100.3543,78.85,85,57,3.33,broken clouds
Birao,CF,10.2849,22.7882,100.06,24,100,6.2,overcast clouds
Napasar,IN,27.9667,73.55,101.71,21,0,8.5,clear sky
Bac Lieu,VN,9.285,105.7244,83.61,78,29,8.41,scattered clouds
Honiara,SB,-9.4333,159.95,78.24,90,93,4.52,overcast clouds
Imeni Poliny Osipenko,RU,52.4201,136.4853,52.59,75,92,4.72,overcast clouds
Bangassou,CF,4.7413,22.8184,84.51,58,98,7.96,light rain
Burnie,AU,-41.0667,145.9167,51.93,80,100,4.0,overcast clouds
Kungurtug,RU,50.5994,97.5228,38.44,67,2,1.05,clear sky
Tupik,RU,54.4253,119.9327,47.79,93,87,3.8,overcast clouds
Moba,CN,33.2288,105.0179,58.32,79,100,3.18,overcast clouds
Ulaanbaatar,MN,47.9077,106.8832,37.53,56,40,3.0,scattered clouds
Holme,DK,56.1138,10.1725,70.95,77,100,7.02,overcast clouds
Pavino,RU,59.1139,46.1414,59.27,45,66,7.2,broken clouds
Muncar,ID,-8.4333,114.3333,73.71,87,53,0.96,broken clouds
Gao,ML,16.6362,1.637,109.2,6,43,5.84,scattered clouds
Jacksonville,US,30.3322,-81.6556,82.62,64,40,1.99,scattered clouds
Ovsyanka,RU,55.9575,92.5519,58.17,69,40,2.53,scattered clouds
Tapejara,BR,-28.0681,-52.0139,61.3,48,2,4.92,clear sky
Xiongyue,CN,40.1774,122.1228,61.95,88,37,10.13,light rain
